City,Suburb_Name,Sales 1Q 2023,Median 1Q 2023,Sales 1Q 2024,Median1Q2024,Median Change
ADELAIDE,ADELAIDE,2,"1,205,000",7,"1,345,000",11.62%
ADELAIDE,NORTH ADELAIDE,5,"1,850,000",5,"1,675,000",-9.46%
ADELAIDE HILLS,ALDGATE,13,"1,110,000",7,"1,180,000",6.31%
ADELAIDE HILLS,ASHTON,,,,,
ADELAIDE HILLS,BALHANNAH,10,"782,500",1,"801,000",2.36%
ADELAIDE HILLS,BASKET RANGE,,,,,
ADELAIDE HILLS,BELAIR,9,"910,000",16,"1,168,500",28.41%
ADELAIDE HILLS,BIRDWOOD,4,"537,500",6,"585,000",8.84%
ADELAIDE HILLS,BRADBURY,1,"947,000",,,
ADELAIDE HILLS,BRIDGEWATER,18,"835,000",10,"782,500",-6.29%
ADELAIDE HILLS,CAREY GULLY,,,,,
ADELAIDE HILLS,CASTAMBUL,,,,,
ADELAIDE HILLS,CHARLESTON,2,"602,900",1,"1,140,000",89.09%
ADELAIDE HILLS,CHERRYVILLE,,,,,
ADELAIDE HILLS,CLELAND,,,,,
ADELAIDE HILLS,CRAFERS,5,"1,155,000",8,"1,309,000",13.33%
ADELAIDE HILLS,CRAFERS WEST,7,"950,000",6,"1,547,500",62.89%
ADELAIDE HILLS,DORSET VALE,,,,,
ADELAIDE HILLS,GREENHILL,,,4,"895,000",
ADELAIDE HILLS,GUMERACHA,,,2,"755,000",
ADELAIDE HILLS,HEATHFIELD,3,"990,000",2,"1,367,500",38.13%
ADELAIDE HILLS,HORSNELL GULLY,,,,,
ADELAIDE HILLS,HUMBUG SCRUB,,,,,
ADELAIDE HILLS,IRONBANK,,,1,"480,000",
ADELAIDE HILLS,KERSBROOK,2,"674,995",1,"840,000",24.45%
ADELAIDE HILLS,LENSWOOD,,,2,"825,000",
ADELAIDE HILLS,LOBETHAL,9,"545,500",6,"645,000",18.24%
ADELAIDE HILLS,LONGWOOD,,,,,
ADELAIDE HILLS,MARBLE HILL,,,,,
ADELAIDE HILLS,MONTACUTE,,,,,
ADELAIDE HILLS,MOUNT GEORGE,1,"908,000",1,"1,050,000",15.64%
ADELAIDE HILLS,MYLOR,,,1,"1,235,000",
ADELAIDE HILLS,NORTON SUMMIT,,,,,
ADELAIDE HILLS,OAKBANK,1,"740,000",2,"1,146,250",54.90%
ADELAIDE HILLS,PICCADILLY,,,,,
ADELAIDE HILLS,ROSTREVOR,21,"860,000",28,"985,000",14.53%
ADELAIDE HILLS,SCOTT CREEK,,,,,
ADELAIDE HILLS,STIRLING,14,"1,200,000",10,"1,325,000",10.42%
ADELAIDE HILLS,SUMMERTOWN,,,1,"1,050,000",
ADELAIDE HILLS,TERINGIE,1,"1,650,000",,,
ADELAIDE HILLS,UPPER STURT,2,"747,500",1,"1,250,000",67.22%
ADELAIDE HILLS,URAIDLA,,,,,
ADELAIDE HILLS,WATERFALL GULLY,,,,,
ADELAIDE HILLS,WOODFORDE,1,"1,240,000",1,"621,000",-49.92%
ADELAIDE HILLS,WOODSIDE,10,"546,000",4,"882,500",61.63%
BURNSIDE,AULDANA,3,"1,720,000",1,"2,000,000",16.28%
BURNSIDE,BEAUMONT,7,"1,387,500",9,"2,010,000",44.86%
BURNSIDE,BEULAH PARK,9,"1,350,000",4,"1,362,000",0.89%
BURNSIDE,BURNSIDE,8,"1,460,000",4,"1,680,000",15.07%
BURNSIDE,DULWICH,1,"2,000,000",5,"1,737,500",-13.13%
BURNSIDE,EASTWOOD,,,3,"1,240,000",
BURNSIDE,ERINDALE,6,"1,525,000",3,"1,728,000",13.31%
BURNSIDE,FREWVILLE,2,"1,325,500",,,
BURNSIDE,GLEN OSMOND,11,"1,256,000",7,"1,105,000",-12.02%
BURNSIDE,GLENSIDE,6,"1,350,000",3,"1,737,000",28.67%
BURNSIDE,GLENUNGA,4,"1,705,000",5,"1,600,000",-6.16%
BURNSIDE,HAZELWOOD PARK,3,"1,358,500",1,"1,850,000",36.18%
BURNSIDE,HORSNELL GULLY,,,,,
BURNSIDE,KENSINGTON GARDENS,3,"1,225,000",5,"1,375,000",12.24%
BURNSIDE,KENSINGTON PARK,8,"1,298,888",2,"1,490,000",14.71%
BURNSIDE,LEABROOK,2,"4,502,500",,,
BURNSIDE,LEAWOOD GARDENS,,,,,
BURNSIDE,LINDEN PARK,3,"1,200,000",6,"1,615,000",34.58%
BURNSIDE,MAGILL,24,"915,000",23,"1,055,000",15.30%
BURNSIDE,MOUNT OSMOND,3,"1,150,000",,,
BURNSIDE,ROSE PARK,2,"1,880,000",1,"3,311,111",76.12%
BURNSIDE,ROSSLYN PARK,4,"1,251,750",4,"2,270,000",81.35%
BURNSIDE,SKYE,1,"1,530,000",3,"1,250,000",-18.30%
BURNSIDE,ST GEORGES,5,"1,740,000",2,"2,417,500",38.94%
BURNSIDE,STONYFELL,6,"1,420,000",2,"1,665,000",17.25%
BURNSIDE,TOORAK GARDENS,4,"2,180,000",1,"3,275,800",50.27%
BURNSIDE,TUSMORE,4,"1,320,000",1,"1,760,000",33.33%
BURNSIDE,WATERFALL GULLY,,,,,
BURNSIDE,WATTLE PARK,7,"1,215,000",7,"1,340,000",10.29%
CAMPBELLTOWN,ATHELSTONE,31,"758,500",24,"800,000",5.47%
CAMPBELLTOWN,CAMPBELLTOWN,22,"723,000",18,"899,000",24.34%
CAMPBELLTOWN,HECTORVILLE,9,"955,000",7,"900,000",-5.76%
CAMPBELLTOWN,MAGILL,24,"915,000",23,"1,055,000",15.30%
CAMPBELLTOWN,NEWTON,11,"880,000",9,"817,750",-7.07%
CAMPBELLTOWN,PARADISE,18,"747,500",21,"840,000",12.37%
CAMPBELLTOWN,ROSTREVOR,21,"860,000",28,"985,000",14.53%
CAMPBELLTOWN,TRANMERE,13,"888,000",18,"1,280,000",44.14%
CHARLES STURT,ALBERT PARK,4,"632,500",3,"675,500",6.80%
CHARLES STURT,ALLENBY GARDENS,4,"860,000",5,"990,099",15.13%
CHARLES STURT,ATHOL PARK,5,"600,000",5,"696,500",16.08%
CHARLES STURT,BEVERLEY,5,"740,000",5,"850,000",14.86%
CHARLES STURT,BOWDEN,,,3,"942,500",
CHARLES STURT,BROMPTON,9,"790,000",12,"930,000",17.72%
CHARLES STURT,CHELTENHAM,3,"877,500",4,"876,750",-0.09%
CHARLES STURT,CROYDON,4,"1,155,500",5,"1,020,000",-11.73%
CHARLES STURT,DEVON PARK,2,"613,500",5,"805,000",31.21%
CHARLES STURT,FINDON,18,"752,500",24,"818,000",8.70%
CHARLES STURT,FLINDERS PARK,11,"876,000",18,"930,000",6.16%
CHARLES STURT,FULHAM GARDENS,17,"1,000,000",15,"1,175,000",17.50%
CHARLES STURT,GRANGE,16,"1,186,250",10,"1,235,000",4.11%
CHARLES STURT,HENDON,6,"612,500",2,"637,500",4.08%
CHARLES STURT,HENLEY BEACH,9,"1,550,000",17,"1,625,000",4.84%
CHARLES STURT,HENLEY BEACH SOUTH,12,"1,300,000",6,"1,260,000",-3.08%
CHARLES STURT,HINDMARSH,,,,,
CHARLES STURT,KIDMAN PARK,12,"891,000",7,"1,112,500",24.86%
CHARLES STURT,KILKENNY,9,"671,000",2,"1,525,000",127.27%
CHARLES STURT,OVINGHAM,1,"825,000",1,"1,270,000",53.94%
CHARLES STURT,PENNINGTON,4,"860,000",7,"715,750",-16.77%
CHARLES STURT,RENOWN PARK,4,"663,750",3,"645,000",-2.82%
CHARLES STURT,RIDLEYTON,2,"813,750",1,"830,000",2.00%
CHARLES STURT,ROYAL PARK,14,"590,000",6,"678,000",14.92%
CHARLES STURT,SEATON,18,"735,000",29,"862,000",17.28%
CHARLES STURT,SEMAPHORE PARK,9,"777,000",11,"1,015,000",30.63%
CHARLES STURT,ST CLAIR,2,"891,500",3,"945,550",6.06%
CHARLES STURT,TENNYSON,2,"1,906,000",4,"3,425,000",79.70%
CHARLES STURT,WELLAND,1,"820,000",,,
CHARLES STURT,WEST BEACH,23,"1,230,000",12,"1,290,000",4.88%
CHARLES STURT,WEST CROYDON,16,"852,000",7,"1,168,750",37.18%
CHARLES STURT,WEST HINDMARSH,4,"875,000",3,"982,500",12.29%
CHARLES STURT,WEST LAKES,11,"907,500",17,"1,270,000",39.94%
CHARLES STURT,WEST LAKES SHORE,4,"978,000",10,"1,105,000",12.99%
CHARLES STURT,WOODVILLE,7,"825,000",5,"800,000",-3.03%
CHARLES STURT,WOODVILLE NORTH,3,"594,000",4,"750,000",26.26%
CHARLES STURT,WOODVILLE PARK,3,"622,500",5,"875,000",40.56%
CHARLES STURT,WOODVILLE SOUTH,10,"840,000",7,"905,000",7.74%
CHARLES STURT,WOODVILLE WEST,7,"680,000",10,"775,000",13.97%
GAWLER,BIBARINGA,,,,,
GAWLER,EVANSTON,10,"452,500",9,"506,500",11.93%
GAWLER,EVANSTON GARDENS,22,"461,000",11,"510,000",10.63%
GAWLER,EVANSTON PARK,22,"520,000",12,"573,500",10.29%
GAWLER,EVANSTON SOUTH,5,"472,500",5,"615,000",30.16%
GAWLER,GAWLER,1,"600,000",2,"475,000",-20.83%
GAWLER,GAWLER EAST,25,"455,000",26,"617,500",35.71%
GAWLER,GAWLER SOUTH,8,"430,000",10,"633,500",47.33%
GAWLER,GAWLER WEST,4,"354,000",3,"425,000",20.06%
GAWLER,HILLIER,,,1,"535,000",
GAWLER,KUDLA,,,,,
GAWLER,REID,1,"715,000",1,"610,000",-14.69%
GAWLER,ULEYBURY,,,,,
GAWLER,WILLASTON,12,"495,000",18,"530,000",7.07%
HOLDFAST BAY,BRIGHTON,4,"1,437,500",10,"1,455,000",1.22%
HOLDFAST BAY,GLENELG,,,4,"2,600,000",
HOLDFAST BAY,GLENELG EAST,9,"1,585,000",10,"1,677,500",5.84%
HOLDFAST BAY,GLENELG NORTH,5,"1,300,000",8,"1,378,000",6.00%
HOLDFAST BAY,GLENELG SOUTH,2,"2,075,000",7,"2,325,000",12.05%
HOLDFAST BAY,HOVE,7,"1,135,000",13,"1,150,000",1.32%
HOLDFAST BAY,KINGSTON PARK,3,"1,790,000",,,
HOLDFAST BAY,NORTH BRIGHTON,8,"1,427,000",8,"1,325,000",-7.15%
HOLDFAST BAY,SEACLIFF,10,"1,100,000",2,"1,057,500",-3.86%
HOLDFAST BAY,SEACLIFF PARK,8,"820,000",9,"934,500",13.96%
HOLDFAST BAY,SOMERTON PARK,17,"1,245,000",12,"2,040,000",63.86%
HOLDFAST BAY,SOUTH BRIGHTON,6,"947,500",9,"1,405,000",48.28%
MARION,ASCOT PARK,4,"756,350",10,"803,000",6.17%
MARION,BEDFORD PARK,3,"751,500",3,"735,000",-2.20%
MARION,CLOVELLY PARK,2,"787,500",10,"786,000",-0.19%
MARION,DARLINGTON,2,"733,000",5,"982,500",34.04%
MARION,DOVER GARDENS,7,"770,000",11,"785,000",1.95%
MARION,EDWARDSTOWN,15,"785,000",14,"840,000",7.01%
MARION,GLANDORE,4,"835,000",7,"1,240,000",48.50%
MARION,GLENGOWRIE,6,"986,250",13,"1,135,000",15.08%
MARION,HALLETT COVE,49,"712,500",46,"775,000",8.77%
MARION,LONSDALE,,,1,"2,550,000",
MARION,MARINO,8,"982,500",12,"1,350,000",37.40%
MARION,MARION,5,"700,000",5,"875,000",25.00%
MARION,MITCHELL PARK,6,"723,000",6,"806,000",11.48%
MARION,MORPHETTVILLE,9,"723,000",11,"953,000",31.81%
MARION,OAKLANDS PARK,6,"720,000",9,"812,000",12.78%
MARION,O'HALLORAN HILL,15,"670,000",6,"727,000",8.51%
MARION,PARK HOLME,9,"805,000",7,"834,125",3.62%
MARION,PLYMPTON PARK,6,"865,000",7,"969,250",12.05%
MARION,SEACLIFF PARK,8,"820,000",9,"934,500",13.96%
MARION,SEACOMBE GARDENS,12,"535,000",8,"745,000",39.25%
MARION,SEACOMBE HEIGHTS,4,"785,000",6,"915,000",16.56%
MARION,SEAVIEW DOWNS,6,"730,000",8,"985,750",35.03%
MARION,SHEIDOW PARK,18,"623,250",19,"817,500",31.17%
MARION,SOUTH PLYMPTON,12,"835,000",8,"930,000",11.38%
MARION,STURT,7,"715,000",7,"838,500",17.27%
MARION,TONSLEY,2,"618,000",3,"714,000",15.53%
MARION,TROTT PARK,9,"625,000",10,"740,000",18.40%
MARION,WARRADALE,13,"820,000",18,"952,500",16.16%
MITCHAM,BEDFORD PARK,3,"751,500",3,"735,000",-2.20%
MITCHAM,BELAIR,9,"910,000",16,"1,168,500",28.41%
MITCHAM,BELLEVUE HEIGHTS,6,"912,500",9,"917,500",0.55%
MITCHAM,BLACKWOOD,12,"832,500",22,"895,000",7.51%
MITCHAM,BROWN HILL CREEK,,,,,
MITCHAM,CLAPHAM,7,"852,000",4,"1,034,000",21.36%
MITCHAM,CLARENCE GARDENS,7,"947,500",7,"1,180,000",24.54%
MITCHAM,COLONEL LIGHT GARDENS,8,"1,305,000",3,"825,000",-36.78%
MITCHAM,COROMANDEL VALLEY,15,"832,500",12,"877,500",5.41%
MITCHAM,CRAFERS WEST,7,"950,000",6,"1,547,500",62.89%
MITCHAM,CRAIGBURN FARM,10,"983,750",10,"1,250,000",27.06%
MITCHAM,CUMBERLAND PARK,5,"1,355,000",5,"1,455,000",7.38%
MITCHAM,DAW PARK,5,"775,000",7,"925,000",19.35%
MITCHAM,EDEN HILLS,7,"870,000",12,"775,000",-10.92%
MITCHAM,GLENALTA,4,"850,000",5,"990,000",16.47%
MITCHAM,HAWTHORN,4,"1,187,500",6,"1,849,995",55.79%
MITCHAM,HAWTHORNDENE,12,"782,500",8,"855,000",9.27%
MITCHAM,KINGSWOOD,6,"1,330,000",4,"2,695,000",102.63%
MITCHAM,LEAWOOD GARDENS,,,,,
MITCHAM,LOWER MITCHAM,5,"1,173,000",5,"1,496,000",27.54%
MITCHAM,LYNTON,1,"1,302,000",,,
MITCHAM,MELROSE PARK,9,"840,000",4,"940,000",11.90%
MITCHAM,MITCHAM,7,"1,496,500",6,"1,613,000",7.78%
MITCHAM,NETHERBY,5,"1,515,000",4,"1,400,000",-7.59%
MITCHAM,PANORAMA,12,"840,000",6,"980,000",16.67%
MITCHAM,PASADENA,5,"735,000",10,"900,000",22.45%
MITCHAM,SPRINGFIELD,3,"3,200,000",2,"2,250,000",-29.69%
MITCHAM,ST MARYS,7,"765,000",6,"912,500",19.28%
MITCHAM,TORRENS PARK,9,"1,175,000",7,"1,320,500",12.38%
MITCHAM,UPPER STURT,2,"747,500",1,"1,250,000",67.22%
MITCHAM,URRBRAE,4,"1,237,500",7,"1,530,000",23.64%
MITCHAM,WESTBOURNE PARK,4,"1,622,500",7,"1,437,500",-11.40%
NORWOOD PAYNEHAM & ST PETERS,COLLEGE PARK,1,"2,035,000",4,"2,260,000",11.06%
NORWOOD PAYNEHAM & ST PETERS,EVANDALE,3,"1,160,000",3,"1,245,000",7.33%
NORWOOD PAYNEHAM & ST PETERS,FELIXSTOW,8,"857,500",8,"1,000,000",16.62%
NORWOOD PAYNEHAM & ST PETERS,FIRLE,2,"960,000",2,"1,030,000",7.29%
NORWOOD PAYNEHAM & ST PETERS,GLYNDE,3,"910,000",3,"1,300,000",42.86%
NORWOOD PAYNEHAM & ST PETERS,HACKNEY,2,"1,251,000",,,
NORWOOD PAYNEHAM & ST PETERS,HEATHPOOL,3,"2,050,000",,,
NORWOOD PAYNEHAM & ST PETERS,JOSLIN,3,"2,005,000",3,"2,000,000",-0.25%
NORWOOD PAYNEHAM & ST PETERS,KENSINGTON,2,"1,121,000",5,"1,166,667",4.07%
NORWOOD PAYNEHAM & ST PETERS,KENT TOWN,,,3,"1,100,000",
NORWOOD PAYNEHAM & ST PETERS,MARDEN,5,"773,500",5,"1,240,000",60.31%
NORWOOD PAYNEHAM & ST PETERS,MARRYATVILLE,1,"1,575,000",5,"1,251,000",-20.57%
NORWOOD PAYNEHAM & ST PETERS,MAYLANDS,3,"1,485,000",8,"1,375,000",-7.41%
NORWOOD PAYNEHAM & ST PETERS,NORWOOD,9,"1,600,000",12,"1,550,000",-3.13%
NORWOOD PAYNEHAM & ST PETERS,PAYNEHAM,4,"1,042,500",6,"1,148,000",10.12%
NORWOOD PAYNEHAM & ST PETERS,PAYNEHAM SOUTH,1,"890,000",2,"1,107,500",24.44%
NORWOOD PAYNEHAM & ST PETERS,ROYSTON PARK,4,"1,497,500",2,"2,135,000",42.57%
NORWOOD PAYNEHAM & ST PETERS,ST MORRIS,3,"1,015,000",1,"1,440,000",41.87%
NORWOOD PAYNEHAM & ST PETERS,ST PETERS,8,"2,135,000",5,"2,235,000",4.68%
NORWOOD PAYNEHAM & ST PETERS,STEPNEY,2,"1,340,000",2,"1,427,500",6.53%
NORWOOD PAYNEHAM & ST PETERS,TRINITY GARDENS,8,"1,335,000",3,"1,450,000",8.61%
ONKAPARINGA,ABERFOYLE PARK,49,"667,500",32,"733,750",9.93%
ONKAPARINGA,ALDINGA,2,"908,000",1,"877,200",-3.39%
ONKAPARINGA,ALDINGA BEACH,43,"627,500",50,"660,000",5.18%
ONKAPARINGA,BLEWITT SPRINGS,,,,,
ONKAPARINGA,CHANDLERS HILL,,,,,
ONKAPARINGA,CHERRY GARDENS,,,,,
ONKAPARINGA,CHRISTIE DOWNS,18,"480,000",16,"540,000",12.50%
ONKAPARINGA,CHRISTIES BEACH,21,"580,000",24,"681,500",17.50%
ONKAPARINGA,CLARENDON,1,"596,000",,,
ONKAPARINGA,COROMANDEL EAST,,,,,
ONKAPARINGA,COROMANDEL VALLEY,15,"832,500",12,"877,500",5.41%
ONKAPARINGA,CRAIGBURN FARM,10,"983,750",10,"1,250,000",27.06%
ONKAPARINGA,DARLINGTON,2,"733,000",5,"982,500",34.04%
ONKAPARINGA,DORSET VALE,,,,,
ONKAPARINGA,FLAGSTAFF HILL,26,"850,000",37,"834,000",-1.88%
ONKAPARINGA,HACKHAM,16,"490,000",10,"576,000",17.55%
ONKAPARINGA,HACKHAM WEST,10,"460,000",10,"566,000",23.04%
ONKAPARINGA,HALLETT COVE,49,"712,500",46,"775,000",8.77%
ONKAPARINGA,HAPPY VALLEY,30,"630,250",35,"715,000",13.45%
ONKAPARINGA,HUNTFIELD HEIGHTS,13,"550,000",19,"561,000",2.00%
ONKAPARINGA,IRONBANK,,,1,"480,000",
ONKAPARINGA,KANGARILLA,,,,,
ONKAPARINGA,LONSDALE,,,1,"2,550,000",
ONKAPARINGA,MASLIN BEACH,10,"688,500",2,"910,000",32.17%
ONKAPARINGA,MCLAREN FLAT,,,3,"842,500",
ONKAPARINGA,MCLAREN VALE,10,"720,000",11,"815,000",13.19%
ONKAPARINGA,MOANA,12,"741,500",15,"760,000",2.49%
ONKAPARINGA,MORPHETT VALE,78,"527,000",92,"600,000",13.85%
ONKAPARINGA,NOARLUNGA CENTRE,1,"562,000",,,
ONKAPARINGA,NOARLUNGA DOWNS,19,"585,000",11,"658,000",12.48%
ONKAPARINGA,O'HALLORAN HILL,15,"670,000",6,"727,000",8.51%
ONKAPARINGA,OLD NOARLUNGA,3,"751,000",5,"608,000",-19.04%
ONKAPARINGA,OLD REYNELLA,9,"575,000",14,"652,500",13.48%
ONKAPARINGA,ONKAPARINGA HEIGHTS,1,"520,000",5,"635,000",22.12%
ONKAPARINGA,ONKAPARINGA HILLS,1,"908,000",3,"797,500",-12.17%
ONKAPARINGA,O'SULLIVAN BEACH,9,"500,000",9,"570,000",14.00%
ONKAPARINGA,PORT NOARLUNGA,13,"680,000",13,"905,000",33.09%
ONKAPARINGA,PORT NOARLUNGA SOUTH,9,"615,000",18,"767,500",24.80%
ONKAPARINGA,PORT WILLUNGA,12,"721,250",15,"698,000",-3.22%
ONKAPARINGA,REYNELLA,26,"530,000",22,"628,000",18.49%
ONKAPARINGA,REYNELLA EAST,9,"650,250",5,"642,500",-1.19%
ONKAPARINGA,SEAFORD,17,"610,000",20,"663,500",8.77%
ONKAPARINGA,SEAFORD HEIGHTS,8,"690,750",20,"700,000",1.34%
ONKAPARINGA,SEAFORD MEADOWS,22,"575,500",16,"678,000",17.81%
ONKAPARINGA,SEAFORD RISE,17,"647,500",10,"723,500",11.74%
ONKAPARINGA,SELLICKS BEACH,16,"730,000",19,"655,000",-10.27%
ONKAPARINGA,SELLICKS HILL,,,,,
ONKAPARINGA,TATACHILLA,,,,,
ONKAPARINGA,THE RANGE,,,,,
ONKAPARINGA,WHITES VALLEY,,,,,
ONKAPARINGA,WILLUNGA,4,"810,500",9,"970,000",19.68%
ONKAPARINGA,WILLUNGA SOUTH,1,"685,000",,,
ONKAPARINGA,WOODCROFT,27,"658,000",28,"748,750",13.79%
PLAYFORD,ANDREWS FARM,51,"437,500",40,"522,500",19.43%
PLAYFORD,ANGLE VALE,21,"687,500",27,"738,500",7.42%
PLAYFORD,BIBARINGA,,,,,
PLAYFORD,BLAKEVIEW,48,"465,000",48,"552,000",18.71%
PLAYFORD,BUCKLAND PARK,,,,,
PLAYFORD,CRAIGMORE,39,"450,000",36,"513,500",14.11%
PLAYFORD,DAVOREN PARK,27,"375,000",33,"450,000",20.00%
PLAYFORD,EDINBURGH,,,,,
PLAYFORD,EDINBURGH NORTH,,,,,
PLAYFORD,ELIZABETH,2,"395,000",3,"550,000",39.24%
PLAYFORD,ELIZABETH DOWNS,22,"388,000",26,"472,500",21.78%
PLAYFORD,ELIZABETH EAST,10,"426,500",14,"491,000",15.12%
PLAYFORD,ELIZABETH GROVE,12,"395,000",4,"449,000",13.67%
PLAYFORD,ELIZABETH NORTH,12,"336,500",21,"455,000",35.22%
PLAYFORD,ELIZABETH PARK,28,"370,500",22,"497,500",34.28%
PLAYFORD,ELIZABETH SOUTH,3,"405,000",2,"456,000",12.59%
PLAYFORD,ELIZABETH VALE,18,"425,000",11,"485,503",14.24%
PLAYFORD,EVANSTON PARK,22,"520,000",12,"573,500",10.29%
PLAYFORD,EYRE,3,"480,000",14,"490,000",2.08%
PLAYFORD,GOULD CREEK,,,,,
PLAYFORD,HILLBANK,15,"520,000",22,"648,000",24.62%
PLAYFORD,HILLIER,,,1,"535,000",
PLAYFORD,HUMBUG SCRUB,,,,,
PLAYFORD,MACDONALD PARK,,,,,
PLAYFORD,MUNNO PARA,25,"430,000",25,"551,000",28.14%
PLAYFORD,MUNNO PARA DOWNS,,,,,
PLAYFORD,MUNNO PARA WEST,44,"435,000",51,"550,000",26.44%
PLAYFORD,ONE TREE HILL,1,"695,000",3,"860,000",23.74%
PLAYFORD,PENFIELD,,,,,
PLAYFORD,PENFIELD GARDENS,,,,,
PLAYFORD,RIVERLEA PARK,,,6,"735,000",
PLAYFORD,SAMPSON FLAT,,,,,
PLAYFORD,SMITHFIELD,6,"378,500",8,"470,000",24.17%
PLAYFORD,SMITHFIELD PLAINS,12,"375,000",23,"475,000",26.67%
PLAYFORD,ULEYBURY,,,,,
PLAYFORD,VIRGINIA,11,"657,500",7,"847,500",28.90%
PLAYFORD,WATERLOO CORNER,,,,,
PLAYFORD,YATTALUNGA,,,,,
PORT ADELAIDE ENFIELD,ALBERTON,10,"710,000",13,"646,250",-8.98%
PORT ADELAIDE ENFIELD,ANGLE PARK,,,1,"630,000",
PORT ADELAIDE ENFIELD,BIRKENHEAD,4,"590,000",9,"770,000",30.51%
PORT ADELAIDE ENFIELD,BLAIR ATHOL,12,"667,500",14,"783,000",17.30%
PORT ADELAIDE ENFIELD,BROADVIEW,11,"830,500",10,"950,000",14.39%
PORT ADELAIDE ENFIELD,CLEARVIEW,16,"620,000",20,"735,000",18.55%
PORT ADELAIDE ENFIELD,CROYDON PARK,10,"755,000",9,"859,000",13.77%
PORT ADELAIDE ENFIELD,DERNANCOURT,8,"735,000",10,"800,000",8.84%
PORT ADELAIDE ENFIELD,DEVON PARK,2,"613,500",5,"805,000",31.21%
PORT ADELAIDE ENFIELD,DRY CREEK,,,3,"669,000",
PORT ADELAIDE ENFIELD,DUDLEY PARK,1,"625,000",1,"715,000",14.40%
PORT ADELAIDE ENFIELD,ENFIELD,13,"665,500",22,"696,500",4.66%
PORT ADELAIDE ENFIELD,ETHELTON,3,"577,000",4,"595,000",3.12%
PORT ADELAIDE ENFIELD,EXETER,1,"560,000",,,
PORT ADELAIDE ENFIELD,FERRYDEN PARK,4,"680,500",8,"710,000",4.34%
PORT ADELAIDE ENFIELD,GEPPS CROSS,,,2,"658,500",
PORT ADELAIDE ENFIELD,GILLES PLAINS,17,"625,100",11,"770,000",23.18%
PORT ADELAIDE ENFIELD,GILLMAN,,,1,"561,000",
PORT ADELAIDE ENFIELD,GLANVILLE,6,"685,000",,,
PORT ADELAIDE ENFIELD,GREENACRES,13,"671,000",10,"840,750",25.30%
PORT ADELAIDE ENFIELD,HAMPSTEAD GARDENS,2,"885,000",5,"838,000",-5.31%
PORT ADELAIDE ENFIELD,HILLCREST,10,"632,500",7,"725,000",14.62%
PORT ADELAIDE ENFIELD,HOLDEN HILL,12,"650,000",15,"695,000",6.92%
PORT ADELAIDE ENFIELD,KILBURN,11,"700,000",10,"720,000",2.86%
PORT ADELAIDE ENFIELD,KLEMZIG,12,"797,000",13,"830,000",4.14%
PORT ADELAIDE ENFIELD,LARGS BAY,14,"720,000",12,"930,000",29.17%
PORT ADELAIDE ENFIELD,LARGS NORTH,18,"722,500",16,"805,000",11.42%
PORT ADELAIDE ENFIELD,LIGHTSVIEW,32,"601,000",43,"634,999",5.66%
PORT ADELAIDE ENFIELD,MANNINGHAM,8,"922,500",3,"895,000",-2.98%
PORT ADELAIDE ENFIELD,MANSFIELD PARK,8,"588,500",2,"670,000",13.85%
PORT ADELAIDE ENFIELD,NEW PORT,5,"516,250",7,"601,550",16.52%
PORT ADELAIDE ENFIELD,NORTH HAVEN,17,"700,000",11,"933,000",33.29%
PORT ADELAIDE ENFIELD,NORTHFIELD,10,"631,000",12,"820,000",29.95%
PORT ADELAIDE ENFIELD,NORTHGATE,3,"900,000",6,"935,000",3.89%
PORT ADELAIDE ENFIELD,OAKDEN,10,"695,625",7,"800,000",15.00%
PORT ADELAIDE ENFIELD,OSBORNE,5,"515,000",3,"696,250",35.19%
PORT ADELAIDE ENFIELD,OTTOWAY,5,"578,000",7,"670,400",15.99%
PORT ADELAIDE ENFIELD,OUTER HARBOR,,,,,
PORT ADELAIDE ENFIELD,PETERHEAD,,,3,"709,500",
PORT ADELAIDE ENFIELD,PORT ADELAIDE,4,"540,885",8,"760,000",40.51%
PORT ADELAIDE ENFIELD,QUEENSTOWN,5,"495,000",6,"675,000",36.36%
PORT ADELAIDE ENFIELD,REGENCY PARK,,,1,"650,000",
PORT ADELAIDE ENFIELD,ROSEWATER,8,"457,000",17,"650,500",42.34%
PORT ADELAIDE ENFIELD,SEFTON PARK,6,"1,110,000",5,"975,000",-12.16%
PORT ADELAIDE ENFIELD,SEMAPHORE,13,"930,000",5,"816,000",-12.26%
PORT ADELAIDE ENFIELD,SEMAPHORE SOUTH,,,1,"1,150,000",
PORT ADELAIDE ENFIELD,TAPEROO,10,"570,000",6,"676,000",18.60%
PORT ADELAIDE ENFIELD,VALLEY VIEW,26,"595,000",25,"703,000",18.15%
PORT ADELAIDE ENFIELD,WALKLEY HEIGHTS,12,"766,000",10,"815,000",6.40%
PORT ADELAIDE ENFIELD,WINDSOR GARDENS,16,"742,500",14,"792,500",6.73%
PORT ADELAIDE ENFIELD,WINGFIELD,3,"490,000",4,"480,000",-2.04%
PORT ADELAIDE ENFIELD,WOODVILLE GARDENS,2,"512,500",5,"745,000",45.37%
PROSPECT,BROADVIEW,11,"830,500",10,"950,000",14.39%
PROSPECT,COLLINSWOOD,1,"2,500,000",1,"2,725,000",9.00%
PROSPECT,FITZROY,2,"2,600,000",1,"1,900,000",-26.92%
PROSPECT,MEDINDIE GARDENS,,,,,
PROSPECT,NAILSWORTH,3,"925,000",6,"935,000",1.08%
PROSPECT,OVINGHAM,1,"825,000",1,"1,270,000",53.94%
PROSPECT,PROSPECT,34,"1,050,000",20,"1,262,500",20.24%
PROSPECT,SEFTON PARK,6,"1,110,000",5,"975,000",-12.16%
PROSPECT,THORNGATE,,,,,
SALISBURY,BOLIVAR,,,,,
SALISBURY,BRAHMA LODGE,9,"470,000",10,"560,000",19.15%
SALISBURY,BURTON,21,"461,000",25,"571,000",23.86%
SALISBURY,CAVAN,,,,,
SALISBURY,DIREK,4,"527,500",3,"630,000",19.43%
SALISBURY,DRY CREEK,,,3,"669,000",
SALISBURY,EDINBURGH,,,,,
SALISBURY,ELIZABETH VALE,18,"425,000",11,"485,503",14.24%
SALISBURY,GLOBE DERBY PARK,,,,,
SALISBURY,GREEN FIELDS,,,1,"715,000",
SALISBURY,GULFVIEW HEIGHTS,11,"590,000",6,"890,000",50.85%
SALISBURY,INGLE FARM,48,"560,000",46,"650,000",16.07%
SALISBURY,MAWSON LAKES,39,"661,000",42,"715,326",8.22%
SALISBURY,MODBURY HEIGHTS,22,"632,000",20,"751,250",18.87%
SALISBURY,PARA HILLS,23,"515,000",29,"630,000",22.33%
SALISBURY,PARA HILLS WEST,13,"550,000",14,"605,000",10.00%
SALISBURY,PARA VISTA,8,"562,500",10,"649,500",15.47%
SALISBURY,PARAFIELD GARDENS,45,"550,000",43,"631,000",14.73%
SALISBURY,PARALOWIE,49,"490,000",43,"581,000",18.57%
SALISBURY,POORAKA,25,"563,000",19,"635,000",12.79%
SALISBURY,SALISBURY,19,"491,000",20,"612,500",24.75%
SALISBURY,SALISBURY DOWNS,11,"485,000",10,"602,500",24.23%
SALISBURY,SALISBURY EAST,28,"477,500",31,"600,000",25.65%
SALISBURY,SALISBURY HEIGHTS,18,"602,000",20,"677,500",12.54%
SALISBURY,SALISBURY NORTH,25,"435,000",31,"530,000",21.84%
SALISBURY,SALISBURY PARK,5,"500,000",9,"567,750",13.55%
SALISBURY,SALISBURY PLAIN,6,"527,500",1,"526,000",-0.28%
SALISBURY,SALISBURY SOUTH,,,,,
SALISBURY,ST KILDA,1,"200,000",2,"399,500",99.75%
SALISBURY,VALLEY VIEW,26,"595,000",25,"703,000",18.15%
SALISBURY,WALKLEY HEIGHTS,12,"766,000",10,"815,000",6.40%
SALISBURY,WATERLOO CORNER,,,,,
TEA TREE GULLY,BANKSIA PARK,8,"598,000",11,"684,000",14.38%
TEA TREE GULLY,DERNANCOURT,8,"735,000",10,"800,000",8.84%
TEA TREE GULLY,FAIRVIEW PARK,10,"690,000",13,"709,000",2.75%
TEA TREE GULLY,GILLES PLAINS,17,"625,100",11,"770,000",23.18%
TEA TREE GULLY,GOLDEN GROVE,27,"715,000",29,"811,000",13.43%
TEA TREE GULLY,GOULD CREEK,,,,,
TEA TREE GULLY,GREENWITH,29,"582,500",33,"725,000",24.46%
TEA TREE GULLY,GULFVIEW HEIGHTS,11,"590,000",6,"890,000",50.85%
TEA TREE GULLY,HIGHBURY,22,"795,000",22,"805,000",1.26%
TEA TREE GULLY,HOLDEN HILL,12,"650,000",15,"695,000",6.92%
TEA TREE GULLY,HOPE VALLEY,19,"632,775",18,"661,000",4.46%
TEA TREE GULLY,MODBURY,21,"590,000",22,"734,500",24.49%
TEA TREE GULLY,MODBURY HEIGHTS,22,"632,000",20,"751,250",18.87%
TEA TREE GULLY,MODBURY NORTH,19,"620,000",18,"670,000",8.06%
TEA TREE GULLY,REDWOOD PARK,17,"615,500",18,"750,250",21.89%
TEA TREE GULLY,RIDGEHAVEN,22,"645,000",10,"650,000",0.78%
TEA TREE GULLY,ST AGNES,13,"570,000",15,"645,000",13.16%
TEA TREE GULLY,SURREY DOWNS,10,"563,500",10,"704,000",24.93%
TEA TREE GULLY,TEA TREE GULLY,13,"605,000",11,"701,304",15.92%
TEA TREE GULLY,VALLEY VIEW,26,"595,000",25,"703,000",18.15%
TEA TREE GULLY,VISTA,2,"652,500",5,"945,500",44.90%
TEA TREE GULLY,WYNN VALE,28,"645,500",8,"727,000",12.63%
TEA TREE GULLY,YATALA VALE,,,1,"771,250",
UNLEY,BLACK FOREST,,,2,"1,515,000",
UNLEY,CLARENCE PARK,6,"866,075",6,"1,236,000",42.71%
UNLEY,EVERARD PARK,,,,,
UNLEY,FORESTVILLE,2,"1,262,500",2,"1,175,000",-6.93%
UNLEY,FULLARTON,6,"1,440,000",8,"1,604,500",11.42%
UNLEY,GOODWOOD,5,"1,590,000",8,"1,800,000",13.21%
UNLEY,HIGHGATE,4,"1,157,500",3,"1,385,000",19.65%
UNLEY,HYDE PARK,1,"2,428,888",2,"3,137,500",29.17%
UNLEY,KESWICK,,,,,
UNLEY,KINGS PARK,2,"2,300,000",,,
UNLEY,MALVERN,7,"1,830,000",5,"3,130,000",71.04%
UNLEY,MILLSWOOD,6,"1,371,000",6,"2,715,000",98.03%
UNLEY,MYRTLE BANK,4,"1,870,000",9,"1,912,500",2.27%
UNLEY,PARKSIDE,9,"1,250,000",14,"1,325,000",6.00%
UNLEY,UNLEY,6,"1,595,000",6,"1,999,000",25.33%
UNLEY,UNLEY PARK,3,"2,050,000",8,"2,405,000",17.32%
UNLEY,WAYVILLE,1,"930,000",3,"1,450,000",55.91%
WALKERVILLE,GILBERTON,3,"1,450,000",1,"1,755,000",21.03%
WALKERVILLE,MEDINDIE,5,"3,500,000",,,
WALKERVILLE,VALE PARK,8,"1,162,500",5,"1,235,000",6.24%
WALKERVILLE,WALKERVILLE,5,"1,795,000",,,
WEST TORRENS,ADELAIDE AIRPORT,,,,,
WEST TORRENS,ASHFORD,,,,,
WEST TORRENS,BROOKLYN PARK,15,"842,500",6,"630,000",-25.22%
WEST TORRENS,CAMDEN PARK,8,"766,250",10,"893,000",16.54%
WEST TORRENS,COWANDILLA,2,"765,500",1,"815,000",6.47%
WEST TORRENS,FULHAM,9,"1,117,000",16,"1,494,444",33.79%
WEST TORRENS,GLANDORE,4,"835,000",7,"1,240,000",48.50%
WEST TORRENS,GLENELG NORTH,5,"1,300,000",8,"1,378,000",6.00%
WEST TORRENS,HILTON,1,"810,000",,,
WEST TORRENS,KESWICK,,,,,
WEST TORRENS,KESWICK TERMINAL,,,,,
WEST TORRENS,KURRALTA PARK,4,"781,500",4,"960,000",22.84%
WEST TORRENS,LOCKLEYS,11,"1,215,000",16,"1,105,000",-9.05%
WEST TORRENS,MARLESTON,2,"777,500",8,"882,500",13.50%
WEST TORRENS,MILE END,11,"901,000",11,"1,070,000",18.76%
WEST TORRENS,MILE END SOUTH,,,,,
WEST TORRENS,NETLEY,5,"755,000",5,"890,000",17.88%
WEST TORRENS,NORTH PLYMPTON,8,"780,000",10,"1,053,000",35.00%
WEST TORRENS,NOVAR GARDENS,6,"880,000",5,"955,000",8.52%
WEST TORRENS,PLYMPTON,5,"850,000",4,"1,055,500",24.18%
WEST TORRENS,RICHMOND,4,"789,000",9,"1,035,000",31.18%
WEST TORRENS,THEBARTON,2,"1,112,500",6,"907,000",-18.47%
WEST TORRENS,TORRENSVILLE,7,"1,055,750",12,"1,011,000",-4.24%
WEST TORRENS,UNDERDALE,8,"835,500",8,"1,070,000",28.07%
WEST TORRENS,WEST BEACH,23,"1,230,000",12,"1,290,000",4.88%
WEST TORRENS,WEST RICHMOND,,,4,"763,500",
